{
  "version": "2.0",
  "logging": {
    "applicationInsights": {
      "samplingSettings": {
        "isEnabled": false,
        "excludedTypes": "Request"
      }
    }
  },
  "functionTimeout": "-1",
  "extensions": {
    "durableTask": {
      "maxConcurrentActivityFunctions": 1,
      "maxConcurrentOrchestratorFunctions": 1
    },
    "serviceBus": {
      "prefetchCount": 70,
      "messageHandlerOptions": {
        "autoComplete": false,
        "maxConcurrentCalls": 1,
        "maxAutoRenewDuration": "00:30:00"
      }
    }
  }
}