{
  "extensions": [
    {
      "name": "EventGrid",
      "typeName": "Microsoft.Azure.WebJobs.Extensions.EventGrid.EventGridWebJobsStartup, Microsoft.Azure.WebJobs.Extensions.EventGrid, Version=3.2.1.0, Culture=neutral, PublicKeyToken=014045d636e89289",
      "hintPath": "./.azurefunctions/Microsoft.Azure.WebJobs.Extensions.EventGrid.dll"
    },
    {
      "name": "Startup",
      "typeName": "Microsoft.Azure.WebJobs.Extensions.FunctionMetadataLoader.Startup, Microsoft.Azure.WebJobs.Extensions.FunctionMetadataLoader, Version=1.0.0.0, Culture=neutral, PublicKeyToken=551316b6919f366c",
      "hintPath": "./.azurefunctions/Microsoft.Azure.WebJobs.Extensions.FunctionMetadataLoader.dll"
    },
    {
      "name": "SignalR",
      "typeName": "Microsoft.Azure.WebJobs.Extensions.SignalRService.SignalRWebJobsStartup, Microsoft.Azure.WebJobs.Extensions.SignalRService, Version=1.10.0.0, Culture=neutral, PublicKeyToken=92742159e12e44c8",
      "hintPath": "./.azurefunctions/Microsoft.Azure.WebJobs.Extensions.SignalRService.dll"
    }
  ]
}